
INSERT INTO `users` (`id`, `email`, `name`, `password`) VALUES
(1, 'hgiraud@guichard.net', 'frédérique', '$2a$10$DIz46mSmaIi7m/.ZAsAAdeIhWI64MnWQdQLs7/rDRi0KgnWwrCjmW'),
(2, 'cperrin@yahoo.fr', 'christophe', '$2a$10$DIz46mSmaIi7m/.ZAsAAdeIhWI64MnWQdQLs7/rDRi0KgnWwrCjmW'),
(3, 'aperrin@raymond.com', 'pauline', '$2a$10$DIz46mSmaIi7m/.ZAsAAdeIhWI64MnWQdQLs7/rDRi0KgnWwrCjmW'),
(4, 'andreneveu@riou.fr', 'renée', '$2a$10$DIz46mSmaIi7m/.ZAsAAdeIhWI64MnWQdQLs7/rDRi0KgnWwrCjmW'),
(5, 'morvanlouis@riviere.com', 'dorothée', '$2a$10$DIz46mSmaIi7m/.ZAsAAdeIhWI64MnWQdQLs7/rDRi0KgnWwrCjmW'),
(6, 'emmanuel97@pichon.com', 'gabriel', '$2a$10$DIz46mSmaIi7m/.ZAsAAdeIhWI64MnWQdQLs7/rDRi0KgnWwrCjmW'),
(7, 'zrossi@tele2.fr', 'valentine', '$2a$10$DIz46mSmaIi7m/.ZAsAAdeIhWI64MnWQdQLs7/rDRi0KgnWwrCjmW'),
(8, 'lbegue@thierry.net', 'andrée', '$2a$10$DIz46mSmaIi7m/.ZAsAAdeIhWI64MnWQdQLs7/rDRi0KgnWwrCjmW'),
(9, 'isaac45@alves.com', 'adélaïde', '$2a$10$DIz46mSmaIi7m/.ZAsAAdeIhWI64MnWQdQLs7/rDRi0KgnWwrCjmW'),
(10, 'genevieve20@live.com', 'william', '$2a$10$DIz46mSmaIi7m/.ZAsAAdeIhWI64MnWQdQLs7/rDRi0KgnWwrCjmW'),
(11, 'gle-goff@le.fr', 'nathalie', '$2a$10$DIz46mSmaIi7m/.ZAsAAdeIhWI64MnWQdQLs7/rDRi0KgnWwrCjmW'),
(12, 'lucasmartins@meunier.com', 'marianne', '$2a$10$DIz46mSmaIi7m/.ZAsAAdeIhWI64MnWQdQLs7/rDRi0KgnWwrCjmW'),
(13, 'guillonbernadette@blanchard.net', 'raymond', '$2a$10$DIz46mSmaIi7m/.ZAsAAdeIhWI64MnWQdQLs7/rDRi0KgnWwrCjmW'),
(14, 'maggie25@live.com', 'nath', '$2a$10$DIz46mSmaIi7m/.ZAsAAdeIhWI64MnWQdQLs7/rDRi0KgnWwrCjmW'),
(15, 'josettehamel@tele2.fr', 'henri', '$2a$10$DIz46mSmaIi7m/.ZAsAAdeIhWI64MnWQdQLs7/rDRi0KgnWwrCjmW'),
(16, 'groshonore@laroche.net', 'sophie', '$2a$10$DIz46mSmaIi7m/.ZAsAAdeIhWI64MnWQdQLs7/rDRi0KgnWwrCjmW'),
(17, 'alexandrie87@dbmail.com', 'alain', '$2a$10$DIz46mSmaIi7m/.ZAsAAdeIhWI64MnWQdQLs7/rDRi0KgnWwrCjmW'),
(18, 'nath87@legendre.fr', 'daniel', '$2a$10$DIz46mSmaIi7m/.ZAsAAdeIhWI64MnWQdQLs7/rDRi0KgnWwrCjmW'),
(19, 'merlelorraine@orange.fr', 'vincent', '$2a$10$DIz46mSmaIi7m/.ZAsAAdeIhWI64MnWQdQLs7/rDRi0KgnWwrCjmW'),
(20, 'gabriel53@costa.com', 'josette', '$2a$10$DIz46mSmaIi7m/.ZAsAAdeIhWI64MnWQdQLs7/rDRi0KgnWwrCjmW'),
(21, 'adele90@mary.fr', 'françois', '$2a$10$DIz46mSmaIi7m/.ZAsAAdeIhWI64MnWQdQLs7/rDRi0KgnWwrCjmW'),
(22, 'margaretcharles@bouygtel.fr', 'olivie', '$2a$10$DIz46mSmaIi7m/.ZAsAAdeIhWI64MnWQdQLs7/rDRi0KgnWwrCjmW'),
(23, 'lpascal@auger.org', 'léon', '$2a$10$DIz46mSmaIi7m/.ZAsAAdeIhWI64MnWQdQLs7/rDRi0KgnWwrCjmW'),
(24, 'louis47@gmail.com', 'gabrielle', '$2a$10$DIz46mSmaIi7m/.ZAsAAdeIhWI64MnWQdQLs7/rDRi0KgnWwrCjmW'),
(25, 'jlenoir@delmas.fr', 'agathe', '$2a$10$DIz46mSmaIi7m/.ZAsAAdeIhWI64MnWQdQLs7/rDRi0KgnWwrCjmW'),
(26, 'blanccamille@club-internet.fr', 'adèle', '$2a$10$DIz46mSmaIi7m/.ZAsAAdeIhWI64MnWQdQLs7/rDRi0KgnWwrCjmW'),
(27, 'imarin@robin.org', 'emmanuel', '$2a$10$DIz46mSmaIi7m/.ZAsAAdeIhWI64MnWQdQLs7/rDRi0KgnWwrCjmW'),
(28, 'dumontemilie@tele2.fr', 'yves', '$2a$10$DIz46mSmaIi7m/.ZAsAAdeIhWI64MnWQdQLs7/rDRi0KgnWwrCjmW'),
(29, 'pierre41@martin.fr', 'thibault', '$2a$10$DIz46mSmaIi7m/.ZAsAAdeIhWI64MnWQdQLs7/rDRi0KgnWwrCjmW'),
(30, 'duboismarguerite@voila.fr', 'théophile', '$2a$10$DIz46mSmaIi7m/.ZAsAAdeIhWI64MnWQdQLs7/rDRi0KgnWwrCjmW');

INSERT INTO `topics` (`topic_id`, `name`, `description`) VALUES
(1, 'java', 'Actualités, bonnes pratiques, nouveautés du langage Java et de son écosystème (Spring, Maven, etc.).'),
(2, 'angular', 'Tout ce qu''il faut savoir sur Angular : composants, services, routing, et évolution du framework.'),
(3, 'dev', 'Discussions générales sur le développement logiciel, méthodologies, outils et carrière.'),
(4, 'backend', 'Conception et développement côté serveur : APIs REST, bases de données, performances, architecture.'),
(5, 'frontend', 'HTML, CSS, JavaScript, UX/UI, accessibilité : tout pour une interface utilisateur réussie.'),
(6, 'security', 'Vulnérabilités, bonnes pratiques, et actualités sur la cybersécurité dans le développement web.');

INSERT INTO `posts` (`post_id`, `content`, `created_at`, `title`, `author_id`, `topic_id`) VALUES
(1, 'Lien lors simple bord davantage objet. Geste mot semaine remplacer justice religion hauteur. Oreille but rouge. Achever sueur juste enfermer forme étouffer y.', '2025-05-23 20:44:24', 'Introduction à Spring Boot', 1, 1),
(2, 'Pas profond beau marquer durant changer pauvre. En sept falloir impossible beaucoup sueur mien. Grâce révéler soit sonner. Terre dieu gens tôt jeter lune. Moyen réfléchir rouler. Souvenir bonheur palais intérêt jeunesse découvrir soutenir.', '2025-05-28 17:26:06', 'Design tokens : centraliser votre thème', 1, 5),
(3, 'Dessiner frais vue mener paysage pouvoir revoir. Habiller écouter divers anglais permettre nu. Revenir toucher expliquer couleur pour instant réflexion. Rire million tard sauver engager terre bleu. Dieu toi confondre grâce proposer travers peine. Fatigue corde signe chat terrain beaux humain. Tout banc reste désigner paix ramener vague.', '2025-05-23 21:27:21', 'Protéger son application contre les injections SQL', 1, 6),
(4, 'Enfant nécessaire regretter. Position tranquille même interrompre certainement nuage pour. Barbe plaine traîner répéter terme. Livrer flot chemise rideau fer.', '2025-05-11 16:53:02', 'Utiliser RxJS dans vos composants', 2, 2),
(5, 'Arrière étonner étudier regretter. Ajouter jamais poitrine. Entretenir cause trouver mort revoir chiffre lutter. Papier importance déjà prêt menacer anglais. Après même secret humide. Joli poésie ah payer dame.', '2025-05-31 15:24:21', 'Design tokens : centraliser votre thème', 2, 5),
(6, 'Peu conseil donc marché. Fille considérer complet inquiéter. Durant comprendre lutter hier mal maison. Rose sept dégager unique souffler.', '2025-05-22 14:13:18', 'Microservices : avantages et limites', 2, 4),
(7, 'Répéter serrer plan vendre étroit ci mode. Respecter curieux pain douze ramasser public montrer. Distance milieu bon diriger user comment politique. Profiter conseil parler lit doucement secours. Tout claire devenir adresser soirée. Garder affirmer blanc ailleurs ce.', '2025-06-02 19:02:56', 'Dark mode : implémentation simple et propre', 3, 5),
(8, 'Enfin image paraître prévoir apercevoir français. Cuisine inconnu violence souffler port situation point tombe. Éclairer rouge assister prier souffler drame. Eaux valoir réunir causer regard ensemble. Médecin etc minute. Clef ce annoncer maintenant. Peau permettre amener naissance exécuter fils dent glace.', '2025-05-17 05:02:27', 'Dark mode : implémentation simple et propre', 3, 5),
(9, 'Meilleur peuple train police. Spectacle reprendre déclarer âgé me général. Champ parcourir beau condamner apercevoir soirée. Rue étaler machine quelque asseoir sein pareil.', '2025-05-18 08:07:08', 'Créer un formulaire dynamique avec Reactive Forms', 3, 2),
(10, 'Victime poésie six toucher. Présent expliquer résoudre mode double situation. Expérience parvenir mensonge inventer réserver nature. Cinq fumée joue accent éviter. Premier résultat passage barbe faux public chambre. Y agent curiosité sérieux. Employer appuyer fonction masse vide roi peuple verre.', '2025-05-11 15:28:16', 'Créer une interface responsive en CSS Grid', 4, 5),
(11, 'Puis espace dimanche appel. Peur content surtout écraser drôle cesser flamme village. Accrocher oeil jeu gloire roi tâche violence vrai. Professeur ami enfin chasse.', '2025-05-07 22:20:18', 'Introduction à Spring Boot', 4, 1),
(12, 'Plaindre préparer refuser selon attitude éloigner manquer. Ombre celui voici joue son prononcer figure oublier. Étouffer tellement casser lutte. Police image neuf baisser rencontrer battre.', '2025-05-30 13:43:39', 'Gestion des exceptions en Java moderne', 4, 1),
(13, 'Rapide début entrer lit éprouver. Français comprendre riche dangereux poser étrange reprendre. Sauver nombre croire herbe mon qualité. Distance sec ensemble sein hier chasser. Distinguer erreur charge relever distance mouvement partager fort.', '2025-06-02 05:42:56', 'Gestion des exceptions en Java moderne', 5, 1),
(14, 'Essayer poésie toit tel séparer un. L''Un gouvernement peau attaquer fortune commun disposer. Certain naître or savoir réveiller. Et annoncer dangereux casser seul distinguer agent. Respect lueur papa famille milieu. Masse achever bientôt épaule danger.', '2025-05-29 01:12:12', 'Sensibilisation aux attaques XSS', 5, 6),
(15, 'Plein près barbe général magnifique nom cesse âme. Appuyer mer loup dégager trésor intérieur. Éteindre ennemi jeu juge envie désormais. Cesse jeune faim second installer fait lors. Emmener naturellement rond social promettre payer.', '2025-05-31 06:12:41', 'Routing avancé dans Angular', 5, 2),
(16, 'Visible oublier si vieux nouveau. Ennemi établir conduire voisin société compagnon devoir. Madame fil briller oiseau cruel inquiéter créer. Siège celui cri situation remonter prince chaise. Face pendre marchand promettre contenir officier. Propre certainement rose personne. Réveiller soir doux également.', '2025-05-15 05:45:47', 'L''intérêt des tests automatisés', 6, 3),
(17, 'Ventre pourquoi cependant comme pourquoi. Poids garde papa tendre. Élément lueur souvent. Inspirer quinze choix entrée.', '2025-05-31 05:22:08', 'CI/CD : Intégration continue en entreprise', 6, 3),
(18, 'Accord bien nez près roman devoir rare. Lier soleil beau phrase. Savoir commencer de vert crise.', '2025-05-14 05:54:36', 'Bonnes pratiques de sécurité pour les APIs', 6, 6),
(19, 'Produire important extraordinaire crainte en quarante. Oeuvre beaux sûr quart campagne avenir prier. Porter camarade courant habiller surveiller vers grand mémoire. Peau tenir résister dur. Fort jambe importer donner événement vivre. Ressembler ministre vêtir image. Partager arme pouvoir minute rappeler verser avenir intention.', '2025-06-02 01:28:42', 'Protéger son application contre les injections SQL', 7, 6),
(20, 'Tromper roman effacer avis appeler malade ici. Fine payer moyen immense. Mauvais chien énorme aller fois commander simplement. Vide quoi autorité. Madame puis signe espérer chiffre valeur depuis principe. Posséder fortune lourd sérieux genre juger nous. Consulter calme jambe figure malheur leur.', '2025-05-17 03:52:34', 'Sensibilisation aux attaques XSS', 7, 6),
(21, 'Malheur réponse écouter. Enfant refuser société nature étudier solitude combat. Causer fait curieux avant commencement françois ça. Révolution gauche village derrière. Direction réussir maison. Barbe commander temps dame semaine revenir.', '2025-06-02 20:24:15', 'Les nouveautés de Java 21', 7, 1),
(22, 'Mentir animer veille violence pourquoi sein lui. Vaincre tâche verser. Arbre beauté pensée douter accomplir ouvert apprendre. Autour précis mémoire menacer l''un.', '2025-06-01 18:37:36', 'Animations en CSS : ce qu’il faut savoir', 8, 5),
(23, 'Ruine me déclarer fonction bataille amuser garçon. Beau plonger compter demander mine lire essayer. Vite permettre intelligence agir autrement. Visible mon l''un dernier. Sombre chemise retourner complètement mer champ rompre.', '2025-05-10 21:36:30', 'CI/CD : Intégration continue en entreprise', 8, 3),
(24, 'Genre mon lors exécuter quel nommer pendant demeurer. Soudain trésor nourrir muet vouloir condamner. Acheter âme tirer complètement immobile blanc pied. Officier lien peur calme. Absolu malade chef travers. Hier écrire cheval. Accent noir billet savoir heureux aussi fin dont.', '2025-05-28 02:32:03', 'Utiliser RxJS dans vos composants', 8, 2),
(25, 'Hiver palais intéresser simple rouler. Or amour croire précieux. De pour entrer réunir défaut cependant. Pauvre fonder oublier éloigner meilleur vide. Étouffer toile depuis loi annoncer.', '2025-05-16 00:52:30', 'Pourquoi adopter la Clean Architecture', 9, 3),
(26, 'Sept plaisir céder voilà. Point or quant à réunir lourd mode second. Vivant parfois marcher satisfaire tromper. Rêve sauver oser étranger voiture. Maître admettre maître fixe suite facile.', '2025-05-18 09:30:49', 'Sensibilisation aux attaques XSS', 9, 6),
(27, 'Fête société soin amener demande complet ouvert interrompre. Habitude content amuser barbe. Capable former immense étonner. Votre parce que gauche entendre sur blanc aujourd''hui. Peser imposer garde pauvre salut contenter. Simple étaler conduire bas demander heureux tuer. Terrible mériter vision rapide.', '2025-05-12 21:47:10', 'CI/CD : Intégration continue en entreprise', 9, 3),
(28, 'Pont goût vol. Lettre hors être blond arbre confiance. Devant même désigner brusquement. Achever chanter oeuvre emporter.', '2025-05-27 15:38:10', 'REST vs GraphQL : que choisir ?', 10, 4),
(29, 'Façon rang fumée parti musique. Discours grand ou naissance delà saison maintenir malade. Anglais ombre mal écarter quarante. Couvrir toute proposer herbe existence.', '2025-05-31 15:49:18', 'Microservices : avantages et limites', 10, 4),
(30, 'Endroit sommet désert terreur objet. Pouvoir proposer veille ce esprit paysage. Impression ferme briller fauteuil saisir gros poète neuf. Fermer affaire exécuter pur respirer répandre accuser. Installer obtenir société école vif ressembler.', '2025-05-12 04:33:38', 'Dark mode : implémentation simple et propre', 10, 5),
(31, 'Dimanche eh soin presque abri dame. Découvrir armer faire solitude. Matin bord or lumière oui eau brûler genou. Poursuivre auprès branche ressembler. Songer prochain année hauteur science pur rapporter six. Toile militaire se herbe tout garder.', '2025-05-13 19:29:19', 'Gestion des exceptions en Java moderne', 11, 1),
(32, 'Colline forme armée idée mouvement sable hauteur. Répondre durant rentrer retirer. Contraire ventre impression paix course cinquante. Amuser bord installer avant foi. Signer accuser mur besoin.', '2025-06-02 08:53:26', 'Design tokens : centraliser votre thème', 11, 5),
(33, 'Étage besoin matière ça mêler. Inquiéter étouffer répondre chambre cher. Détacher carte dessus paysage extraordinaire construire compter. Inutile tellement nous papier dur visible. Armée mieux sept début double partie anglais.', '2025-05-21 09:02:51', 'Utiliser Docker pour le développement backend', 11, 4),
(34, 'Il subir trouver prévenir couvrir. Devoir poche garde je. Égal vide premier scène ton. Rapporter beau couper courage matin.', '2025-05-08 00:14:31', 'Animations en CSS : ce qu’il faut savoir', 12, 5),
(35, 'Alors sein bien leur madame. Poitrine mauvais ou apporter selon moyen. Traiter juger grave paraître etc extraordinaire me. Mieux maison retour marier recueillir. Habiller trace arrivée. Apparence chat petit français prévenir payer exécuter cause.', '2025-05-12 06:31:11', 'Microservices : avantages et limites', 12, 4),
(36, 'Debout couvrir voie importer politique cause. Inventer commun tache troisième cerveau coucher observer. Emporter gros gloire haine. Coup forêt serrer songer offrir quarante. Regard vaincre dimanche enlever prévoir public rien.', '2025-05-22 14:30:53', 'Microservices : avantages et limites', 12, 4),
(37, 'Sien quartier consentir importer. Professeur debout en frapper selon. Troisième siècle prochain. Pourquoi parmi double subir inquiéter. Réclamer spectacle longtemps quelqu''un. Beauté précéder doux près magnifique certain. Robe tenter trouver discussion plein admettre.', '2025-05-20 07:18:10', 'Créer une interface responsive en CSS Grid', 13, 5),
(38, 'Tout remonter doute vivant raison vous autrement. Cercle rêver former condamner ventre ouvert français. Posséder quarante à as afin de prière parce que. Agir jusque règle note.', '2025-05-11 19:19:28', 'Les bases de l’accessibilité web', 13, 5),
(39, 'Coucher revenir chose. Victime apparaître idée couler endroit. Jaune pourquoi poursuivre billet geste presser si. Empêcher demi bande accent. Dès dépasser apparaître. Accepter court tu en flot.', '2025-05-28 01:29:18', 'Créer un formulaire dynamique avec Reactive Forms', 13, 2),
(40, 'Larme essayer être rompre derrière appuyer. Genre appeler préparer répandre. Six hors ah et leur professeur neuf ouvrage. Nourrir loi puissant supposer côté.', '2025-05-09 12:46:48', 'Bonnes pratiques de sécurité pour les APIs', 14, 6),
(41, 'Politique bon gens fait songer chaîne nerveux. Nuit terme voici ton pierre intérieur étaler différent. Asseoir force vers rose billet leur. Chaud taille engager inquiéter devant projet chambre.', '2025-05-12 07:28:39', 'Protéger son application contre les injections SQL', 14, 6),
(42, 'Fer de voilà vrai. Rire l''un commencement air peser or. Affaire public prier chacun. Choisir choix quinze chair coeur. Trois pour air souffrance retomber. Approcher atteindre y cas voie noir. Hôtel égal enfance inconnu mari ruine déjà.', '2025-05-13 12:04:33', 'Bonnes pratiques de sécurité pour les APIs', 14, 6),
(43, 'Fils facile quelqu''un protéger. Voile intérieur traverser rêver terminer. Pourtant paupière cesser portier noir parfaitement. Bien maladie éternel attendre. Ah cependant mêler. Folie table cours danser justice remplacer somme simple.', '2025-05-08 04:50:53', 'Utiliser Docker pour le développement backend', 15, 4),
(44, 'Soleil queue carte public visible. Haine soudain prix. Projet terrible réduire autre. Comme tard dix demain.', '2025-05-24 07:32:43', 'Routing avancé dans Angular', 15, 2),
(45, 'Et faire nourrir militaire frère même. Entrée d''abord finir appeler. Toute chasse être chute éviter cinq fait printemps. Donc sûr objet dessiner.', '2025-05-12 05:19:08', 'Créer un formulaire dynamique avec Reactive Forms', 15, 2),
(46, 'Eau monde simplement cesse croix. Franc partout saluer fenêtre cerveau calme problème. Complet cuisine robe main. Cours ressembler travail marchand jouer après. Expérience tellement du. Lutter entrer poète devenir rapporter gros. Partie chute rire sérieux.', '2025-05-30 08:23:03', 'Chiffrement des données utilisateurs', 16, 6),
(47, 'Puis hier foule double voyage. Battre ordre fois arrière expression aide mouvement. Troubler acheter gagner essuyer discussion dangereux. Loi tôt séparer obliger flamme. Inquiétude accuser rare obéir drame du santé.', '2025-05-21 08:45:32', 'Chiffrement des données utilisateurs', 16, 6),
(48, 'Important aller général dernier siècle. Salut flamme poche absolument. Flamme nord figurer aventure prononcer même.', '2025-05-30 19:15:43', 'Bonnes pratiques de sécurité pour les APIs', 16, 6),
(49, 'Complet peu subir mot commencer conduire naturel. Sous fuir erreur promettre voyage oublier beau. Ajouter montagne nuit. Froid aile composer loin centre sien seulement. Trente parent revenir. Chasse ouvert digne consentir leur charge premier puissance. Doucement disparaître attirer instant.', '2025-05-27 20:44:22', 'Choisir son éditeur de code', 17, 3),
(50, 'Train fin creuser parent calme précéder. Honte cinq du précéder science cuisine. Également patron occuper personne haut. Six attitude titre moyen retour curieux. Centre guère forêt général.', '2025-06-04 04:53:57', 'Introduction à l''architecture hexagonale', 17, 4),
(51, 'Inspirer beau mal venir. Comment moitié quelque juger. Pied suivre plaisir pas regard faveur. Conduire justice comment fin entendre montagne contenir blanc.', '2025-05-26 04:09:12', 'Design tokens : centraliser votre thème', 17, 5),
(52, 'Entretenir gris retirer présent sujet. Enfermer vrai autorité éclater or. Fumée sans mot valoir secret. Droite quart terreur alors parole prêter entraîner. Mêler vide cabinet réveiller au.', '2025-05-24 15:39:39', 'Chiffrement des données utilisateurs', 18, 6),
(53, 'Devoir pointe mien. Supposer longtemps taille oiseau santé. Glace tête affirmer attirer moyen vaste sauver prêter. Travail en aucun bonheur éviter. Étrange plaire ouvert partie rassurer armer comment. Mort queue si on seconde.', '2025-05-09 18:26:01', 'Utiliser Docker pour le développement backend', 18, 4),
(54, 'Paquet surveiller attacher nez éprouver soulever résister. Danser parce que cuisine fil. Rassurer moment si billet mais suivre durer. Impossible discuter prison achever ne. Libre puis falloir main événement hasard rire chambre. Confiance donc visible habiter vouloir rêver. Près dimanche pauvre fort curieux léger.', '2025-05-24 02:36:31', 'Comprendre le Change Detection', 18, 2),
(55, 'Nez dur garde fine paix personne. Personnage descendre installer un avouer. D''Autres âme dont humain fine.', '2025-06-02 12:16:35', 'Pourquoi adopter la Clean Architecture', 19, 3),
(56, 'Penser autre achever que silence dominer. Groupe auquel sang pénétrer pénétrer après tendre. Oser enfermer trésor branche docteur ruine. Type prouver voir but atteindre homme. Figurer manquer tête chasser position pouvoir. Écrire commencer chaud visage trait conseil. Mener cependant vivant sac aile.', '2025-05-14 04:18:45', 'Optimiser son code avec les Streams', 19, 1),
(57, 'Installer ou plusieurs marcher sauvage feu loup lors. Moyen venir religion cas notre mauvais table. Engager et grave quitter expérience reconnaître. Continuer sentier spectacle précis tellement quart passé. Attacher même le et autant suivant dimanche. Souffrance île jusque difficile sur.', '2025-05-16 05:23:39', 'Bonnes pratiques de sécurité pour les APIs', 19, 6),
(58, 'Appeler couleur admettre mon heure. Oui courir envelopper étaler. Manier inviter là lit voyager essuyer. Étude ni amener village six. Suivre conclure oncle quartier y continuer hiver usage. Enfermer ceci public crier silencieux.', '2025-05-12 07:24:20', 'Microservices : avantages et limites', 20, 4),
(59, 'Craindre partie idée français jeune rêve poussière. Joindre employer instinct champ beauté. Fatigue voie trembler sûr subir. Je début proposer docteur songer reste écrire. Mort gauche commun. En tout sang sauter.', '2025-05-21 02:31:58', 'Introduction à l''architecture hexagonale', 20, 4),
(60, 'Essayer bête respect système coûter. Bon eaux oublier espèce inventer sommeil te. Renverser envelopper mariage force. Avance chaise pourquoi cher riche presque partie. Falloir autant sac point sous fixe.', '2025-05-25 15:46:49', 'Comprendre le Change Detection', 20, 2),
(61, 'Me exister tout or attacher interroger. Arme prétendre chat selon. Événement nature grave entraîner bête rouler. D''Autres âge sens animer aussi saisir envelopper. Ventre hôtel conclure comme sept magnifique. Traiter arme rappeler cher printemps devenir revoir. Noire comment demain revenir crainte ressembler étage. Printemps absence gouvernement témoin cent robe famille déjà.', '2025-05-22 13:05:23', 'Chiffrement des données utilisateurs', 21, 6),
(62, 'Sec reste droit divers peu aventure veille. Ensemble trait protéger exposer partie pur siècle. Sûr trou bas après que prêt beauté contenter. Heure achever désert facile simplement gagner accomplir. Magnifique froid environ rapport ville rêver mien.', '2025-05-29 12:42:45', 'Microservices : avantages et limites', 21, 4),
(63, 'Chasser demi rideau risquer. Retomber interrompre possible ignorer. Contraire liberté monter marquer vendre homme début. Dont douleur cinquante écraser déchirer partie. Disparaître carte eaux. Juste françois dos poète.', '2025-05-14 17:04:10', 'Utiliser Docker pour le développement backend', 21, 4),
(64, 'Ventre chercher avancer vol. Joli honneur reste peu révolution valeur. Face plusieurs prêt. Traîner quatre matière muet corde danger ciel. Puissant vide honneur annoncer bientôt tuer horizon leur. Arbre force feu joindre fin tant.', '2025-05-28 08:23:20', 'Créer une interface responsive en CSS Grid', 22, 5),
(65, 'Travail dépasser groupe naturel relever caresser qualité. Prendre contenir eau cela flamme vivre. Genou premier apprendre haine mener tranquille espèce. Douleur épais dresser jambe construire partager importance. Gloire plaire pont contenir vendre. Deviner bien tour casser lit. Cri jambe connaissance arrivée endormir. Muet fauteuil condition garder lieu.', '2025-05-07 14:13:24', 'L''intérêt des tests automatisés', 22, 3),
(66, 'Présent durant poursuivre peur voie payer barbe. Gens jeu beau considérer reculer. Politique faveur parfaitement promettre poète entrer haut. Cercle gauche appartenir trois chance personne complètement. Troubler heure impression genou personnage folie. Oncle autre fête personne reculer auteur. Même résistance monde plein votre.', '2025-05-08 01:36:19', 'REST vs GraphQL : que choisir ?', 22, 4),
(67, 'Cri question remonter moment trois saluer eaux fenêtre. Chaise existence passion acheter. Homme vent mériter pauvre que. Amour risquer clair respect oeil trente vêtir. Cuisine rencontre lendemain spectacle détacher. Vague étranger boire. Arbre haine derrière tard enfermer étrange. Sortir eau argent respecter hôtel fruit bas demain.', '2025-05-22 21:59:35', 'Microservices : avantages et limites', 23, 4),
(68, 'Valoir nuage moyen pourquoi nombreux. Comme petit véritable précis durant confier. Repas allumer métier lire léger est diriger.', '2025-05-12 22:21:04', 'CI/CD : Intégration continue en entreprise', 23, 3),
(69, 'Revoir temps dire entourer cesse vision etc ajouter. Vieux ramasser barbe sourire haut. Doigt dur midi. Chute bande sur contre papier et. Toujours bois présent habitude compte tendre dimanche. Aspect terminer rond droite. Huit cour anglais approcher sol oncle saison.', '2025-05-28 13:59:08', 'Routing avancé dans Angular', 23, 2),
(70, 'Emporter marchand meilleur animer autrefois ligne approcher. Cesser or profondément attaquer femme. Vite lever tempête avouer suffire. Rentrer circonstance se marche juger paysage repousser. Poser être sans. Tranquille auquel calmer mettre direction.', '2025-05-21 16:58:36', 'Chiffrement des données utilisateurs', 24, 6),
(71, 'Heureux rire afin de vivre tâche. Confondre parcourir pourtant fille. Camarade seconde paysan vol terre partager. Présence mémoire époque salut le. Beau fruit hiver.', '2025-05-09 15:45:35', 'Introduction à Spring Boot', 24, 1),
(72, 'Examiner chacun mourir cour pénétrer boire. Prison préparer peser service compagnie. Comme tête regard vide rang. Pauvre inviter fenêtre respect salle.', '2025-05-16 10:34:34', 'Introduction à l''architecture hexagonale', 24, 4),
(73, 'Marier brusquement verre comme. Quinze conseil droite circonstance causer. Désert respecter enlever interroger interroger. Adresser résister type dernier. Huit rapidement rare non social cause. Sept entrée arriver silence expression voile sortir bon. Rencontrer fumée journal changement. Diriger briser ensuite fruit connaissance son.', '2025-05-11 21:54:16', 'Optimiser son code avec les Streams', 25, 1),
(74, 'Poche vague promettre sueur. Mer droit étrange paraître pourtant devant. Papier juger magnifique contenir. Ouvert dangereux tenter.', '2025-05-21 04:56:11', 'Chiffrement des données utilisateurs', 25, 6),
(75, 'En papier seulement tard nommer jusque auquel direction. Dire retourner permettre anglais sol sérieux réflexion. Produire nombreux village ailleurs pluie. Est quitter aucun bouche neuf. Enfoncer assurer désespoir écouter mal choix.', '2025-05-16 08:18:49', 'Routing avancé dans Angular', 25, 2),
(76, 'Raconter figurer boire. Également inutile ignorer espoir. Fille fête ventre recherche attendre. Vous agiter sien entraîner. Apprendre très rapporter reprendre principe.', '2025-05-12 01:33:24', 'Comprendre les records en Java 17', 26, 1),
(77, 'Lequel soin soutenir admettre ici. Ceci intelligence certes puissant santé robe droit. Douleur chant prévenir penser. Beaux moyen amour posséder problème. Distance distance parmi campagne goutte épaule. Fonder témoin silence règle car.', '2025-05-15 02:37:20', 'Gestion des exceptions en Java moderne', 26, 1),
(78, 'Profondément répondre parler suite rose pierre préférer mourir. Paraître important dormir écouter toile ça. Leur intelligence vrai. Ruine entre faible pointe nuit ancien. Désigner toute eaux donner danger cheval supposer.', '2025-05-28 06:16:30', 'Design tokens : centraliser votre thème', 26, 5),
(79, 'Justice histoire trou. Dos âge ce pur lorsque. Naissance dominer précis avance construire donc. Intérieur bois chien. Peau maladie étage simple parfaitement palais attendre. Situation durant faire gros chercher fusil.', '2025-05-22 21:44:02', 'Les nouveautés de Java 21', 27, 1),
(80, 'Bureau arrivée briller respecter. Froid feu et essuyer. Froid tirer queue article. Pendant grain pièce perdre exemple. Forme mesure continuer trou lutter rouler quartier. Drôle cesse lequel respirer extraordinaire. Regretter couvrir signe.', '2025-06-04 01:54:21', 'Les meilleures pratiques pour les services Angular', 27, 2),
(81, 'Ton cinquante là. Prouver précieux fils poète. Bouche mariage parti avant après. Commander papa mémoire distance malgré. Payer revoir trente race que relation. Toit odeur nerveux loup oui tombe.', '2025-05-15 07:00:23', 'Les nouveautés de Java 21', 27, 1),
(82, 'Papier croix arrivée étage peuple heureux. Prison île signe. Banc fumer claire dix. Profondément blanc douze tant pouvoir.', '2025-06-05 09:18:38', 'Les nouveautés de Java 21', 28, 1),
(83, 'Pleurer papa présence figurer ville relation genre. Expliquer suite mériter. Signe lien disposer charger dangereux puissance. Bois plein connaissance maintenir fidèle figure. Propre printemps regard tout témoin. Cours déposer voile moi. Fixer mémoire delà quelqu''un image. Six arrêter endormir inquiétude paupière étroit gros.', '2025-05-31 08:56:07', 'L''intérêt des tests automatisés', 28, 3),
(84, 'Flot président cause livrer. Chaleur traîner peuple avance. Bataille violence ajouter environ chemin roman monter. Intelligence réflexion dimanche. Objet âme moment suivre. Achever action armée juger.', '2025-05-20 06:52:21', 'Créer un formulaire dynamique avec Reactive Forms', 28, 2),
(85, 'Toute ville finir jour sûr. Finir former rose long début main doucement désespoir. Doigt décider accomplir étage. Avoir considérer résultat intéresser rapport. Famille dont manquer.', '2025-05-14 02:17:33', 'Choisir son éditeur de code', 29, 3),
(86, 'Combat apparence glace juge nourrir. Avancer cause enfin. Jaune silence palais passé simplement plusieurs.', '2025-05-30 22:43:54', 'Dark mode : implémentation simple et propre', 29, 5),
(87, 'Arracher révolution inventer militaire prier. Voiture dieu beau grâce lune serrer. Grave quatre aller appuyer installer lourd oublier obéir. État appartenir protéger douze entretenir sous rien ton. Employer plein foi moins lever retomber maintenant. Chant main envie mériter second.', '2025-06-05 08:55:29', 'Gérer les mots de passe côté serveur', 29, 6),
(88, 'Docteur frapper papa fin doigt. Rouler rien taille terrain. Quel visite confiance reconnaître rapport facile. Docteur risquer venir président non crise sauter. As ouvert déclarer réveiller oublier demain souffrance. Leur banc chat coin.', '2025-05-19 05:27:25', 'Les bases de l’accessibilité web', 30, 5),
(89, 'Tout voir sang portier. Ruine passage manger intention demain respirer. Certain jeter faim sien entrée. Marché village oncle. Ton lentement ouvrir compagnon rôle charger.', '2025-06-03 13:54:44', 'Microservices : avantages et limites', 30, 4),
(90, 'Courant autorité semblable réalité. Arme professeur joue vaste secret jouer bouche glisser. Mentir caresser nommer premier éternel on. Devant complet cuisine droite souffler.', '2025-05-21 05:41:26', 'Utiliser RxJS dans vos composants', 30, 2);

INSERT INTO `comments` (`comment_id`, `content`, `created_at`, `author_id`, `post_id`) VALUES
(1, 'Angular évolue vite, merci pour la mise à jour.', '2025-05-25 11:04:29', 29, 1),
(2, 'Je ne connaissais pas cette astuce, merci.', '2025-06-03 19:36:37', 10, 1),
(3, 'Quelqu’un a-t-il testé cette méthode ?', '2025-05-31 11:22:22', 14, 2),
(4, 'Quelqu’un a-t-il testé cette méthode ?', '2025-06-02 02:02:30', 30, 2),
(5, 'J’ajouterais aussi un exemple pratique.', '2025-05-27 23:49:44', 26, 3),
(6, 'Angular évolue vite, merci pour la mise à jour.', '2025-05-31 01:00:34', 10, 3),
(7, 'Un peu complexe mais intéressant.', '2025-06-01 03:51:17', 14, 4),
(8, 'Quelqu’un a-t-il testé cette méthode ?', '2025-05-21 21:04:51', 26, 4),
(9, 'Très utile pour mon projet actuel.', '2025-06-01 03:06:45', 17, 5),
(10, 'Merci pour cet article, très clair !', '2025-06-01 16:03:25', 13, 5),
(11, 'Un peu complexe mais intéressant.', '2025-05-24 07:54:54', 4, 6),
(12, 'Je ne connaissais pas cette astuce, merci.', '2025-05-26 03:42:10', 29, 6),
(13, 'C’est exactement ce que je cherchais.', '2025-06-04 03:51:48', 2, 7),
(14, 'C’est exactement ce que je cherchais.', '2025-06-04 20:00:12', 21, 7),
(15, 'Merci pour cet article, très clair !', '2025-06-04 19:38:37', 30, 8),
(16, 'Angular évolue vite, merci pour la mise à jour.', '2025-05-28 21:52:53', 1, 8),
(17, 'C’est exactement ce que je cherchais.', '2025-06-01 13:29:00', 16, 9),
(18, 'Je vais approfondir ce sujet, merci.', '2025-05-22 14:48:37', 22, 9),
(19, 'C’est exactement ce que je cherchais.', '2025-06-01 07:27:05', 15, 10),
(20, 'Je ne connaissais pas cette astuce, merci.', '2025-05-20 03:36:14', 30, 10),
(21, 'Est-ce que cela fonctionne aussi avec Spring Boot 3 ?', '2025-05-31 08:34:38', 16, 11),
(22, 'J’ajouterais aussi un exemple pratique.', '2025-05-10 05:01:00', 19, 11),
(23, 'Quelqu’un a-t-il testé cette méthode ?', '2025-05-31 03:14:08', 26, 12),
(24, 'J’ajouterais aussi un exemple pratique.', '2025-05-31 02:08:12', 5, 12),
(25, 'Très utile pour mon projet actuel.', '2025-06-05 05:12:48', 17, 13),
(26, 'J’ajouterais aussi un exemple pratique.', '2025-06-05 02:51:11', 14, 13),
(27, 'Est-ce que cela fonctionne aussi avec Spring Boot 3 ?', '2025-06-01 09:34:40', 11, 14),
(28, 'Très utile pour mon projet actuel.', '2025-06-01 02:46:57', 20, 14),
(29, 'Je ne connaissais pas cette astuce, merci.', '2025-06-02 20:04:10', 22, 15),
(30, 'Un peu complexe mais intéressant.', '2025-06-04 22:56:52', 18, 15),
(31, 'Très utile pour mon projet actuel.', '2025-05-24 04:50:00', 2, 16),
(32, 'Quelqu’un a-t-il testé cette méthode ?', '2025-05-17 16:55:56', 21, 16),
(33, 'Angular évolue vite, merci pour la mise à jour.', '2025-06-01 06:01:24', 2, 17),
(34, 'Merci pour cet article, très clair !', '2025-06-04 11:28:48', 30, 17),
(35, 'Très utile pour mon projet actuel.', '2025-05-18 17:04:39', 15, 18),
(36, 'Merci pour cet article, très clair !', '2025-05-29 01:33:52', 16, 18),
(37, 'Angular évolue vite, merci pour la mise à jour.', '2025-06-03 00:26:55', 5, 19),
(38, 'Angular évolue vite, merci pour la mise à jour.', '2025-06-04 08:03:19', 7, 19),
(39, 'Quelqu’un a-t-il testé cette méthode ?', '2025-06-03 15:42:53', 29, 20),
(40, 'Quelqu’un a-t-il testé cette méthode ?', '2025-05-29 01:07:42', 6, 20),
(41, 'Je vais approfondir ce sujet, merci.', '2025-06-04 17:53:56', 13, 21),
(42, 'Angular évolue vite, merci pour la mise à jour.', '2025-06-03 00:38:55', 14, 21),
(43, 'Je ne connaissais pas cette astuce, merci.', '2025-06-04 23:12:30', 14, 22),
(44, 'Je vais approfondir ce sujet, merci.', '2025-06-02 07:01:32', 13, 22),
(45, 'C’est exactement ce que je cherchais.', '2025-06-02 08:17:37', 6, 23),
(46, 'Je vais approfondir ce sujet, merci.', '2025-05-21 20:07:00', 6, 23),
(47, 'Est-ce que cela fonctionne aussi avec Spring Boot 3 ?', '2025-06-01 19:16:05', 15, 24),
(48, 'Un peu complexe mais intéressant.', '2025-05-30 05:42:14', 25, 24),
(49, 'Est-ce que cela fonctionne aussi avec Spring Boot 3 ?', '2025-05-18 07:07:31', 10, 25),
(50, 'C’est exactement ce que je cherchais.', '2025-05-28 04:26:52', 6, 25),
(51, 'Est-ce que cela fonctionne aussi avec Spring Boot 3 ?', '2025-05-24 15:52:39', 17, 26),
(52, 'Je ne connaissais pas cette astuce, merci.', '2025-05-20 19:25:28', 15, 26),
(53, 'Angular évolue vite, merci pour la mise à jour.', '2025-06-03 21:11:52', 17, 27),
(54, 'Je vais approfondir ce sujet, merci.', '2025-05-31 13:07:48', 26, 27),
(55, 'Je ne connaissais pas cette astuce, merci.', '2025-05-31 19:05:29', 27, 28),
(56, 'Très utile pour mon projet actuel.', '2025-05-31 13:36:00', 28, 28),
(57, 'Merci pour cet article, très clair !', '2025-06-02 05:33:54', 8, 29),
(58, 'Est-ce que cela fonctionne aussi avec Spring Boot 3 ?', '2025-06-03 18:53:40', 3, 29),
(59, 'C’est exactement ce que je cherchais.', '2025-06-02 00:08:37', 21, 30),
(60, 'Angular évolue vite, merci pour la mise à jour.', '2025-05-13 10:38:18', 14, 30),
(61, 'Quelqu’un a-t-il testé cette méthode ?', '2025-05-31 15:14:55', 26, 31),
(62, 'C’est exactement ce que je cherchais.', '2025-05-26 19:28:28', 1, 31),
(63, 'Quelqu’un a-t-il testé cette méthode ?', '2025-06-02 13:10:01', 28, 32),
(64, 'Angular évolue vite, merci pour la mise à jour.', '2025-06-03 06:40:54', 12, 32),
(65, 'J’ajouterais aussi un exemple pratique.', '2025-05-25 14:51:33', 22, 33),
(66, 'Angular évolue vite, merci pour la mise à jour.', '2025-05-25 07:11:10', 26, 33),
(67, 'Je ne connaissais pas cette astuce, merci.', '2025-05-17 13:00:15', 7, 34),
(68, 'Je vais approfondir ce sujet, merci.', '2025-05-17 02:29:27', 20, 34),
(69, 'J’ajouterais aussi un exemple pratique.', '2025-05-25 09:30:57', 18, 35),
(70, 'Très utile pour mon projet actuel.', '2025-05-27 12:40:54', 24, 35),
(71, 'Je vais approfondir ce sujet, merci.', '2025-06-01 19:16:11', 19, 36),
(72, 'Je vais approfondir ce sujet, merci.', '2025-05-30 11:26:31', 19, 36),
(73, 'Angular évolue vite, merci pour la mise à jour.', '2025-05-20 09:08:12', 22, 37),
(74, 'Je ne connaissais pas cette astuce, merci.', '2025-05-27 22:30:12', 5, 37),
(75, 'Je vais approfondir ce sujet, merci.', '2025-05-24 09:33:36', 26, 38),
(76, 'Un peu complexe mais intéressant.', '2025-05-22 12:02:53', 4, 38),
(77, 'Je ne connaissais pas cette astuce, merci.', '2025-05-31 05:59:07', 6, 39),
(78, 'Merci pour cet article, très clair !', '2025-05-31 18:39:17', 22, 39),
(79, 'C’est exactement ce que je cherchais.', '2025-05-16 17:59:18', 25, 40),
(80, 'Quelqu’un a-t-il testé cette méthode ?', '2025-05-25 06:01:17', 24, 40),
(81, 'Je ne connaissais pas cette astuce, merci.', '2025-05-18 09:00:16', 21, 41),
(82, 'C’est exactement ce que je cherchais.', '2025-05-14 14:29:04', 17, 41),
(83, 'J’ajouterais aussi un exemple pratique.', '2025-05-31 23:20:18', 9, 42),
(84, 'Je ne connaissais pas cette astuce, merci.', '2025-05-17 16:23:49', 27, 42),
(85, 'C’est exactement ce que je cherchais.', '2025-05-08 13:41:31', 10, 43),
(86, 'Je vais approfondir ce sujet, merci.', '2025-05-13 18:06:48', 6, 43),
(87, 'Je ne connaissais pas cette astuce, merci.', '2025-05-31 15:10:48', 9, 44),
(88, 'Un peu complexe mais intéressant.', '2025-05-26 23:04:48', 1, 44),
(89, 'Je vais approfondir ce sujet, merci.', '2025-05-19 01:41:13', 28, 45),
(90, 'Merci pour cet article, très clair !', '2025-05-25 11:32:06', 14, 45),
(91, 'Je ne connaissais pas cette astuce, merci.', '2025-06-01 22:19:22', 2, 46),
(92, 'Merci pour cet article, très clair !', '2025-06-01 07:04:49', 8, 46),
(93, 'Je ne connaissais pas cette astuce, merci.', '2025-05-23 14:17:27', 10, 47),
(94, 'Angular évolue vite, merci pour la mise à jour.', '2025-05-28 13:41:16', 4, 47),
(95, 'C’est exactement ce que je cherchais.', '2025-06-01 11:50:22', 19, 48),
(96, 'Est-ce que cela fonctionne aussi avec Spring Boot 3 ?', '2025-06-01 17:32:53', 11, 48),
(97, 'J’ajouterais aussi un exemple pratique.', '2025-06-01 16:03:10', 20, 49),
(98, 'Un peu complexe mais intéressant.', '2025-06-01 00:10:33', 2, 49),
(99, 'J’ajouterais aussi un exemple pratique.', '2025-06-04 11:55:34', 11, 50),
(100, 'J’ajouterais aussi un exemple pratique.', '2025-06-05 11:07:22', 7, 50),
(101, 'Un peu complexe mais intéressant.', '2025-06-03 02:11:07', 15, 51),
(102, 'Je ne connaissais pas cette astuce, merci.', '2025-05-28 10:51:56', 22, 51),
(103, 'C’est exactement ce que je cherchais.', '2025-06-05 07:27:51', 22, 52),
(104, 'Angular évolue vite, merci pour la mise à jour.', '2025-06-02 04:59:44', 28, 52),
(105, 'Je vais approfondir ce sujet, merci.', '2025-06-04 12:56:20', 22, 53),
(106, 'Je vais approfondir ce sujet, merci.', '2025-05-16 17:27:13', 13, 53),
(107, 'C’est exactement ce que je cherchais.', '2025-05-29 02:54:55', 27, 54),
(108, 'Un peu complexe mais intéressant.', '2025-05-28 00:34:51', 2, 54),
(109, 'Merci pour cet article, très clair !', '2025-06-03 20:12:42', 29, 55),
(110, 'C’est exactement ce que je cherchais.', '2025-06-05 11:24:25', 10, 55),
(111, 'Je ne connaissais pas cette astuce, merci.', '2025-05-25 17:33:26', 10, 56),
(112, 'Un peu complexe mais intéressant.', '2025-05-21 11:12:55', 10, 56),
(113, 'J’ajouterais aussi un exemple pratique.', '2025-06-04 11:02:54', 11, 57),
(114, 'Merci pour cet article, très clair !', '2025-05-28 09:32:52', 29, 57),
(115, 'C’est exactement ce que je cherchais.', '2025-05-21 09:49:00', 18, 58),
(116, 'Angular évolue vite, merci pour la mise à jour.', '2025-05-13 12:10:26', 7, 58),
(117, 'Je ne connaissais pas cette astuce, merci.', '2025-05-23 02:20:31', 2, 59),
(118, 'J’ajouterais aussi un exemple pratique.', '2025-05-25 08:20:55', 6, 59),
(119, 'Je ne connaissais pas cette astuce, merci.', '2025-05-27 19:55:51', 4, 60),
(120, 'Quelqu’un a-t-il testé cette méthode ?', '2025-05-31 18:03:15', 2, 60),
(121, 'C’est exactement ce que je cherchais.', '2025-05-26 02:24:55', 17, 61),
(122, 'Je vais approfondir ce sujet, merci.', '2025-05-25 22:36:27', 20, 61),
(123, 'Un peu complexe mais intéressant.', '2025-05-31 13:30:20', 1, 62),
(124, 'Quelqu’un a-t-il testé cette méthode ?', '2025-06-04 15:55:39', 19, 62),
(125, 'Un peu complexe mais intéressant.', '2025-05-21 15:50:46', 12, 63),
(126, 'Un peu complexe mais intéressant.', '2025-05-28 23:16:07', 13, 63),
(127, 'Un peu complexe mais intéressant.', '2025-06-04 01:39:33', 8, 64),
(128, 'Très utile pour mon projet actuel.', '2025-05-28 23:59:44', 22, 64),
(129, 'Quelqu’un a-t-il testé cette méthode ?', '2025-05-29 19:07:56', 25, 65),
(130, 'Angular évolue vite, merci pour la mise à jour.', '2025-05-17 20:07:35', 6, 65),
(131, 'Angular évolue vite, merci pour la mise à jour.', '2025-05-08 22:57:54', 1, 66),
(132, 'Angular évolue vite, merci pour la mise à jour.', '2025-05-20 10:14:36', 22, 66),
(133, 'Je vais approfondir ce sujet, merci.', '2025-06-02 11:32:10', 13, 67),
(134, 'Quelqu’un a-t-il testé cette méthode ?', '2025-05-30 18:23:11', 26, 67),
(135, 'Merci pour cet article, très clair !', '2025-05-16 20:01:40', 8, 68),
(136, 'Je vais approfondir ce sujet, merci.', '2025-05-18 10:37:05', 1, 68),
(137, 'Est-ce que cela fonctionne aussi avec Spring Boot 3 ?', '2025-06-04 15:11:53', 18, 69),
(138, 'Je vais approfondir ce sujet, merci.', '2025-05-29 01:29:30', 14, 69),
(139, 'Quelqu’un a-t-il testé cette méthode ?', '2025-05-26 08:01:00', 11, 70),
(140, 'J’ajouterais aussi un exemple pratique.', '2025-05-30 00:25:52', 21, 70),
(141, 'Quelqu’un a-t-il testé cette méthode ?', '2025-05-10 06:27:39', 3, 71),
(142, 'Merci pour cet article, très clair !', '2025-06-05 00:52:35', 18, 71),
(143, 'Angular évolue vite, merci pour la mise à jour.', '2025-05-24 17:15:48', 21, 72),
(144, 'Je vais approfondir ce sujet, merci.', '2025-05-24 09:21:12', 27, 72),
(145, 'Angular évolue vite, merci pour la mise à jour.', '2025-05-25 02:44:03', 11, 73),
(146, 'C’est exactement ce que je cherchais.', '2025-06-02 08:13:12', 25, 73),
(147, 'Merci pour cet article, très clair !', '2025-06-04 11:34:34', 2, 74),
(148, 'Très utile pour mon projet actuel.', '2025-05-22 06:55:54', 21, 74),
(149, 'Merci pour cet article, très clair !', '2025-06-04 06:42:21', 16, 75),
(150, 'Angular évolue vite, merci pour la mise à jour.', '2025-05-29 14:15:59', 8, 75),
(151, 'Quelqu’un a-t-il testé cette méthode ?', '2025-05-26 21:46:43', 28, 76),
(152, 'Un peu complexe mais intéressant.', '2025-05-29 09:02:14', 30, 76),
(153, 'C’est exactement ce que je cherchais.', '2025-05-21 04:45:56', 23, 77),
(154, 'Très utile pour mon projet actuel.', '2025-05-21 01:22:55', 26, 77),
(155, 'Je vais approfondir ce sujet, merci.', '2025-05-30 20:26:25', 18, 78),
(156, 'Très utile pour mon projet actuel.', '2025-06-03 19:04:55', 11, 78),
(157, 'C’est exactement ce que je cherchais.', '2025-05-28 15:35:46', 12, 79),
(158, 'Est-ce que cela fonctionne aussi avec Spring Boot 3 ?', '2025-05-23 13:40:23', 15, 79),
(159, 'Est-ce que cela fonctionne aussi avec Spring Boot 3 ?', '2025-06-04 20:23:51', 18, 80),
(160, 'J’ajouterais aussi un exemple pratique.', '2025-06-05 07:12:52', 29, 80),
(161, 'Très utile pour mon projet actuel.', '2025-05-22 19:38:47', 10, 81),
(162, 'Un peu complexe mais intéressant.', '2025-05-17 16:52:01', 6, 81),
(163, 'Est-ce que cela fonctionne aussi avec Spring Boot 3 ?', '2025-06-05 11:17:07', 5, 82),
(164, 'Merci pour cet article, très clair !', '2025-06-05 10:43:57', 29, 82),
(165, 'Angular évolue vite, merci pour la mise à jour.', '2025-06-05 07:05:03', 12, 83),
(166, 'Un peu complexe mais intéressant.', '2025-06-02 06:06:12', 23, 83),
(167, 'Merci pour cet article, très clair !', '2025-05-21 23:51:13', 26, 84),
(168, 'Quelqu’un a-t-il testé cette méthode ?', '2025-05-25 11:13:45', 21, 84),
(169, 'Je vais approfondir ce sujet, merci.', '2025-05-18 10:36:06', 3, 85),
(170, 'Angular évolue vite, merci pour la mise à jour.', '2025-05-14 09:39:36', 12, 85),
(171, 'Je vais approfondir ce sujet, merci.', '2025-06-02 15:27:36', 24, 86),
(172, 'Je ne connaissais pas cette astuce, merci.', '2025-06-02 13:09:53', 5, 86),
(173, 'Merci pour cet article, très clair !', '2025-06-05 10:37:35', 29, 87),
(174, 'Très utile pour mon projet actuel.', '2025-06-05 11:50:17', 18, 87),
(175, 'J’ajouterais aussi un exemple pratique.', '2025-05-25 05:57:06', 28, 88),
(176, 'J’ajouterais aussi un exemple pratique.', '2025-05-28 15:39:30', 10, 88),
(177, 'Un peu complexe mais intéressant.', '2025-06-04 08:38:32', 2, 89),
(178, 'Angular évolue vite, merci pour la mise à jour.', '2025-06-04 18:33:47', 13, 89),
(179, 'Quelqu’un a-t-il testé cette méthode ?', '2025-05-22 10:16:29', 17, 90),
(180, 'Je ne connaissais pas cette astuce, merci.', '2025-05-28 10:02:32', 17, 90);

INSERT INTO `user_topics` (`user_id`, `topic_id`) VALUES
(1, 4),
(1, 3),
(1, 5),
(2, 3),
(2, 2),
(2, 6),
(3, 6),
(3, 1),
(4, 1),
(4, 5),
(5, 6),
(5, 5),
(5, 4),
(6, 2),
(6, 1),
(6, 4),
(7, 3),
(7, 4),
(8, 1),
(9, 1),
(9, 6),
(10, 4),
(10, 6),
(10, 3),
(11, 3),
(12, 3),
(13, 3),
(13, 5),
(13, 1),
(14, 5),
(15, 4),
(15, 3),
(15, 1),
(16, 3),
(16, 6),
(17, 6),
(18, 1),
(18, 5),
(19, 3),
(19, 6),
(20, 1),
(21, 1),
(21, 3),
(21, 5),
(22, 4),
(22, 1),
(22, 2),
(23, 3),
(23, 5),
(23, 6),
(24, 3),
(24, 2),
(24, 5),
(25, 5),
(26, 3),
(27, 6),
(28, 4),
(28, 6),
(29, 2),
(30, 5);

COMMIT;
